<code_scheme name="Default" version="173">
  <PostgresCodeStyleSettings version="2">
    <option name="QUERY_IN_ONE_STRING" value="1" />
    <option name="SUBQUERY_OPENING" value="3" />
    <option name="SUBQUERY_CONTENT" value="1" />
    <option name="SUBQUERY_CLOSING" value="1" />
    <option name="INSERT_INTO_NL" value="2" />
    <option name="INSERT_OPENING" value="4" />
    <option name="INSERT_TABLE_EL_LINE" value="1" />
    <option name="INSERT_VALUES_EL_LINE" value="101" />
    <option name="SELECT_EL_LINE" value="1" />
    <option name="SELECT_USE_AS_WORD" value="1" />
    <option name="SELECT_ALIGN_AS" value="false" />
    <option name="FROM_WRAP_ON" value="true" />
    <option name="FROM_ONLY_JOIN_INDENT" value="2" />
    <option name="FROM_PLACE_ON" value="10" />
    <option name="WHERE_EL_LINE" value="0" />
    <option name="TABLE_OPENING" value="1" />
    <option name="TABLE_CONTENT" value="2" />
    <option name="TABLE_CLOSING" value="3" />
    <option name="TABLE_TYPES_ALIGN" value="false" />
    <option name="TABLE_ALTER_INSTRUCTION_ALIGN" value="false" />
    <option name="CONSTRAINT_WRAP_3" value="true" />
    <option name="CONSTRAINT_WRAP_4" value="true" />
    <option name="ROUTINE_ARG_CLOSING" value="4" />
  </PostgresCodeStyleSettings>
</code_scheme>